Workbook

Sheet team_summary
A1: team_name | B1: times_played | C1: times_won | D1: win_rate | E1: qualify
A2: DARKNESS GAMING | B2: =COUNTIF([1]!teams[radiant.name], A2) + COUNTIF([1]!teams[dire.name],A2) -> 62 | C2: =COUNTIFS([1]!teams[radiant.name],A2,[2]!main_metadata[radiant_win],TRUE) -> 19 | D2: =C2/B2 -> 0.30645161 | E2: =IF(B2>=10, "Yes", "No") -> Yes
A3: Night Vision | B3: =COUNTIF([1]!teams[radiant.name], A3) + COUNTIF([1]!teams[dire.name],A3) -> 60 | C3: =COUNTIFS([1]!teams[radiant.name],A3,[2]!main_metadata[radiant_win],TRUE) -> 16 | D3: =C3/B3 -> 0.26666667 | E3: =IF(B3>=10, "Yes", "No") -> Yes
A4: Vitality Warriors | B4: =COUNTIF([1]!teams[radiant.name], A4) + COUNTIF([1]!teams[dire.name],A4) -> 64 | C4: =COUNTIFS([1]!teams[radiant.name],A4,[2]!main_metadata[radiant_win],TRUE) -> 10 | D4: =C4/B4 -> 0.15625 | E4: =IF(B4>=10, "Yes", "No") -> Yes
A5: VERTEX PACK | B5: =COUNTIF([1]!teams[radiant.name], A5) + COUNTIF([1]!teams[dire.name],A5) -> 69 | C5: =COUNTIFS([1]!teams[radiant.name],A5,[2]!main_metadata[radiant_win],TRUE) -> 18 | D5: =C5/B5 -> 0.26086957 | E5: =IF(B5>=10, "Yes", "No") -> Yes
A6: Flawless Goblins | B6: =COUNTIF([1]!teams[radiant.name], A6) + COUNTIF([1]!teams[dire.name],A6) -> 122 | C6: =COUNTIFS([1]!teams[radiant.name],A6,[2]!main_metadata[radiant_win],TRUE) -> 27 | D6: =C6/B6 -> 0.22131148 | E6: =IF(B6>=10, "Yes", "No") -> Yes
A7: Dark Rebellion | B7: =COUNTIF([1]!teams[radiant.name], A7) + COUNTIF([1]!teams[dire.name],A7) -> 111 | C7: =COUNTIFS([1]!teams[radiant.name],A7,[2]!main_metadata[radiant_win],TRUE) -> 33 | D7: =C7/B7 -> 0.2972973 | E7: =IF(B7>=10, "Yes", "No") -> Yes
A8: Foxy gaming | B8: =COUNTIF([1]!teams[radiant.name], A8) + COUNTIF([1]!teams[dire.name],A8) -> 113 | C8: =COUNTIFS([1]!teams[radiant.name],A8,[2]!main_metadata[radiant_win],TRUE) -> 24 | D8: =C8/B8 -> 0.21238938 | E8: =IF(B8>=10, "Yes", "No") -> Yes
A9: Night Force | B9: =COUNTIF([1]!teams[radiant.name], A9) + COUNTIF([1]!teams[dire.name],A9) -> 114 | C9: =COUNTIFS([1]!teams[radiant.name],A9,[2]!main_metadata[radiant_win],TRUE) -> 28 | D9: =C9/B9 -> 0.24561404 | E9: =IF(B9>=10, "Yes", "No") -> Yes
A10: Elite Eclipse | B10: =COUNTIF([1]!teams[radiant.name], A10) + COUNTIF([1]!teams[dire.name],A10) -> 105 | C10: =COUNTIFS([1]!teams[radiant.name],A10,[2]!main_metadata[radiant_win],TRUE) -> 26 | D10: =C10/B10 -> 0.24761905 | E10: =IF(B10>=10, "Yes", "No") -> Yes
A11: LSG | B11: =COUNTIF([1]!teams[radiant.name], A11) + COUNTIF([1]!teams[dire.name],A11) -> 107 | C11: =COUNTIFS([1]!teams[radiant.name],A11,[2]!main_metadata[radiant_win],TRUE) -> 29 | D11: =C11/B11 -> 0.27102804 | E11: =IF(B11>=10, "Yes", "No") -> Yes
A12: Teiko | B12: =COUNTIF([1]!teams[radiant.name], A12) + COUNTIF([1]!teams[dire.name],A12) -> 113 | C12: =COUNTIFS([1]!teams[radiant.name],A12,[2]!main_metadata[radiant_win],TRUE) -> 35 | D12: =C12/B12 -> 0.30973451 | E12: =IF(B12>=10, "Yes", "No") -> Yes
A13: Nova Pulse | B13: =COUNTIF([1]!teams[radiant.name], A13) + COUNTIF([1]!teams[dire.name],A13) -> 103 | C13: =COUNTIFS([1]!teams[radiant.name],A13,[2]!main_metadata[radiant_win],TRUE) -> 25 | D13: =C13/B13 -> 0.24271845 | E13: =IF(B13>=10, "Yes", "No") -> Yes
... A172: Team SuperNova | B172: =COUNTIF([1]!teams[radiant.name], A172) + COUNTIF([1]!teams[dire.name],A172) -> 1 | C172: =COUNTIFS([1]!teams[radiant.name],A172,[2]!main_metadata[radiant_win],TRUE) -> 0 | D172: =C172/B172 -> 0 | E172: =IF(B172>=10, "Yes", "No") -> No
A173: 22312 | B173: =COUNTIF([1]!teams[radiant.name], A173) + COUNTIF([1]!teams[dire.name],A173) -> 2 | C173: =COUNTIFS([1]!teams[radiant.name],A173,[2]!main_metadata[radiant_win],TRUE) -> 1 | D173: =C173/B173 -> 0.5 | E173: =IF(B173>=10, "Yes", "No") -> No
A174: Raidd Boss | B174: =COUNTIF([1]!teams[radiant.name], A174) + COUNTIF([1]!teams[dire.name],A174) -> 2 | C174: =COUNTIFS([1]!teams[radiant.name],A174,[2]!main_metadata[radiant_win],TRUE) -> 1 | D174: =C174/B174 -> 0.5 | E174: =IF(B174>=10, "Yes", "No") -> No
A175: team popov+4 | B175: =COUNTIF([1]!teams[radiant.name], A175) + COUNTIF([1]!teams[dire.name],A175) -> 4 | C175: =COUNTIFS([1]!teams[radiant.name],A175,[2]!main_metadata[radiant_win],TRUE) -> 1 | D175: =C175/B175 -> 0.25 | E175: =IF(B175>=10, "Yes", "No") -> No
A176: Ð”Ð¾ÑÑ€Ð¾Ñ‡Ð½Ð°Ñ ÑÐ´Ð°Ñ‡Ð° (1 ÑÑ‚Ð°Ð¶) | B176: =COUNTIF([1]!teams[radiant.name], A176) + COUNTIF([1]!teams[dire.name],A176) -> 7 | C176: =COUNTIFS([1]!teams[radiant.name],A176,[2]!main_metadata[radiant_win],TRUE) -> 4 | D176: =C176/B176 -> 0.57142857 | E176: =IF(B176>=10, "Yes", "No") -> No
A177: Ð¼Ð¸Ð½Ð¸Ð±Ð°Ñ€ÑÐ° | B177: =COUNTIF([1]!teams[radiant.name], A177) + COUNTIF([1]!teams[dire.name],A177) -> 7 | C177: =COUNTIFS([1]!teams[radiant.name],A177,[2]!main_metadata[radiant_win],TRUE) -> 2 | D177: =C177/B177 -> 0.28571429 | E177: =IF(B177>=10, "Yes", "No") -> No
A178: Selyuk_team | B178: =COUNTIF([1]!teams[radiant.name], A178) + COUNTIF([1]!teams[dire.name],A178) -> 9 | C178: =COUNTIFS([1]!teams[radiant.name],A178,[2]!main_metadata[radiant_win],TRUE) -> 2 | D178: =C178/B178 -> 0.22222222 | E178: =IF(B178>=10, "Yes", "No") -> No
A179: Shinra tensei | B179: =COUNTIF([1]!teams[radiant.name], A179) + COUNTIF([1]!teams[dire.name],A179) -> 4 | C179: =COUNTIFS([1]!teams[radiant.name],A179,[2]!main_metadata[radiant_win],TRUE) -> 0 | D179: =C179/B179 -> 0 | E179: =IF(B179>=10, "Yes", "No") -> No
A180: 52turbo | B180: =COUNTIF([1]!teams[radiant.name], A180) + COUNTIF([1]!teams[dire.name],A180) -> 8 | C180: =COUNTIFS([1]!teams[radiant.name],A180,[2]!main_metadata[radiant_win],TRUE) -> 3 | D180: =C180/B180 -> 0.375 | E180: =IF(B180>=10, "Yes", "No") -> No
A181: Team Mandarin | B181: =COUNTIF([1]!teams[radiant.name], A181) + COUNTIF([1]!teams[dire.name],A181) -> 7 | C181: =COUNTIFS([1]!teams[radiant.name],A181,[2]!main_metadata[radiant_win],TRUE) -> 1 | D181: =C181/B181 -> 0.14285714 | E181: =IF(B181>=10, "Yes", "No") -> No
A182: AMF.wbt | B182: =COUNTIF([1]!teams[radiant.name], A182) + COUNTIF([1]!teams[dire.name],A182) -> 6 | C182: =COUNTIFS([1]!teams[radiant.name],A182,[2]!main_metadata[radiant_win],TRUE) -> 1 | D182: =C182/B182 -> 0.16666667 | E182: =IF(B182>=10, "Yes", "No") -> No
A183: GachiGang | B183: =COUNTIF([1]!teams[radiant.name], A183) + COUNTIF([1]!teams[dire.name],A183) -> 1 | C183: =COUNTIFS([1]!teams[radiant.name],A183,[2]!main_metadata[radiant_win],TRUE) -> 1 | D183: =C183/B183 -> 1 | E183: =IF(B183>=10, "Yes", "No") -> No
A184: SHAPITO | B184: =COUNTIF([1]!teams[radiant.name], A184) + COUNTIF([1]!teams[dire.name],A184) -> 3 | C184: =COUNTIFS([1]!teams[radiant.name],A184,[2]!main_metadata[radiant_win],TRUE) -> 1 | D184: =C184/B184 -> 0.33333333 | E184: =IF(B184>=10, "Yes", "No") -> No
A185: Night KnightS | B185: =COUNTIF([1]!teams[radiant.name], A185) + COUNTIF([1]!teams[dire.name],A185) -> 6 | C185: =COUNTIFS([1]!teams[radiant.name],A185,[2]!main_metadata[radiant_win],TRUE) -> 1 | D185: =C185/B185 -> 0.16666667 | E185: =IF(B185>=10, "Yes", "No") -> No
... A261: Team Nord | B261: =COUNTIF([1]!teams[radiant.name], A261) + COUNTIF([1]!teams[dire.name],A261) -> 1 | C261: =COUNTIFS([1]!teams[radiant.name],A261,[2]!main_metadata[radiant_win],TRUE) -> 0 | D261: =C261/B261 -> 0 | E261: =IF(B261>=10, "Yes", "No") -> No

Sheet player_summary
A1: name | B1: main_hero | C1: times_played | D1: lane | E1: times_won | F1: win_rate | G1: avg_gpm | H1: avg_xpm | J1: helper_1 | K1: helper_2
A2: {=_xlfn._xlws.SORT(_xlfn.UNIQUE(player_hero_summary!A2:A2319))} -> 423 | B2: {=_xlfn.XLOOKUP( 1, (player_hero_summary!A:A=A2)*(player_hero_summary!D:D=_xlfn.MAXIFS(player_hero_summary!D:D, player_hero_summary!A:A, A2)), player_hero_summary!B:B )} -> Terrorblade | C2: =COUNTIFS([3]!players[name],A2) -> 27 | D2: {=_xlfn.XLOOKUP( 1, (player_hero_summary!A:A=A2)*(player_hero_summary!D:D=_xlfn.MAXIFS(player_hero_summary!D:D, player_hero_summary!A:A, A2)), player_hero_summary!C:C )} -> Carry | E2: =COUNTIFS([3]!players[name],A2, [3]!players[win], 1) -> 19 | F2: =E2/C2 -> 0.7037037 | G2: =AVERAGEIFS([3]!players[gold_per_min], [3]!players[name],A2) -> 758.81481 | H2: =AVERAGEIFS([3]!players[xp_per_min], [3]!players[name],A2) -> 846.55556 | J2: {=_xlfn.UNIQUE(_xlfn._xlws.FILTER([3]!players[lane_name],[3]!players[name]=A2))} -> Carry
A3: 999 | B3: {=_xlfn.XLOOKUP(1, (player_hero_summary!A:A=A3)*(player_hero_summary!D:D=_xlfn.MAXIFS(player_hero_summary!D:D, player_hero_summary!A:A, A3)),player_hero_summary!B:B )} -> Tusk | C3: =COUNTIFS([3]!players[name],A3) -> 21 | D3: {=_xlfn.XLOOKUP( 1, (player_hero_summary!A:A=A3)*(player_hero_summary!D:D=_xlfn.MAXIFS(player_hero_summary!D:D, player_hero_summary!A:A, A3)), player_hero_summary!C:C )} -> Hard Support | E3: =COUNTIFS([3]!players[name],A3, [3]!players[win], 1) -> 11 | F3: =E3/C3 -> 0.52380952 | G3: =AVERAGEIFS([3]!players[gold_per_min], [3]!players[name],A3) -> 305.90476 | H3: =AVERAGEIFS([3]!players[xp_per_min], [3]!players[name],A3) -> 427.33333 | J3: Off Lane
A4: chipikao | B4: {=_xlfn.XLOOKUP(1, (player_hero_summary!A:A=A4)*(player_hero_summary!D:D=_xlfn.MAXIFS(player_hero_summary!D:D, player_hero_summary!A:A, A4)),player_hero_summary!B:B )} -> Bristleback | C4: =COUNTIFS([3]!players[name],A4) -> 13 | D4: {=_xlfn.XLOOKUP( 1, (player_hero_summary!A:A=A4)*(player_hero_summary!D:D=_xlfn.MAXIFS(player_hero_summary!D:D, player_hero_summary!A:A, A4)), player_hero_summary!C:C )} -> Off Lane | E4: =COUNTIFS([3]!players[name],A4, [3]!players[win], 1) -> 4 | F4: =E4/C4 -> 0.30769231 | G4: =AVERAGEIFS([3]!players[gold_per_min], [3]!players[name],A4) -> 536.38462 | H4: =AVERAGEIFS([3]!players[xp_per_min], [3]!players[name],A4) -> 643.15385
A5: 23savage | B5: {=_xlfn.XLOOKUP(1, (player_hero_summary!A:A=A5)*(player_hero_summary!D:D=_xlfn.MAXIFS(player_hero_summary!D:D, player_hero_summary!A:A, A5)),player_hero_summary!B:B )} -> Ursa | C5: =COUNTIFS([3]!players[name],A5) -> 18 | D5: {=_xlfn.XLOOKUP( 1, (player_hero_summary!A:A=A5)*(player_hero_summary!D:D=_xlfn.MAXIFS(player_hero_summary!D:D, player_hero_summary!A:A, A5)), player_hero_summary!C:C )} -> Carry | E5: =COUNTIFS([3]!players[name],A5, [3]!players[win], 1) -> 12 | F5: =E5/C5 -> 0.66666667 | G5: =AVERAGEIFS([3]!players[gold_per_min], [3]!players[name],A5) -> 698.77778 | H5: =AVERAGEIFS([3]!players[xp_per_min], [3]!players[name],A5) -> 855
A6: 7eeeeeee | B6: {=_xlfn.XLOOKUP(1, (player_hero_summary!A:A=A6)*(player_hero_summary!D:D=_xlfn.MAXIFS(player_hero_summary!D:D, player_hero_summary!A:A, A6)),player_hero_summary!B:B )} -> Beastmaster | C6: =COUNTIFS([3]!players[name],A6) -> 21 | D6: {=_xlfn.XLOOKUP( 1, (player_hero_summary!A:A=A6)*(player_hero_summary!D:D=_xlfn.MAXIFS(player_hero_summary!D:D, player_hero_summary!A:A, A6)), player_hero_summary!C:C )} -> Mid | E6: =COUNTIFS([3]!players[name],A6, [3]!players[win], 1) -> 11 | F6: =E6/C6 -> 0.52380952 | G6: =AVERAGEIFS([3]!players[gold_per_min], [3]!players[name],A6) -> 521.47619 | H6: =AVERAGEIFS([3]!players[xp_per_min], [3]!players[name],A6) -> 671.61905
A7: 9Class | B7: {=_xlfn.XLOOKUP(1, (player_hero_summary!A:A=A7)*(player_hero_summary!D:D=_xlfn.MAXIFS(player_hero_summary!D:D, player_hero_summary!A:A, A7)),player_hero_summary!B:B )} -> Keeper of the Light | C7: =COUNTIFS([3]!players[name],A7) -> 31 | D7: {=_xlfn.XLOOKUP( 1, (player_hero_summary!A:A=A7)*(player_hero_summary!D:D=_xlfn.MAXIFS(player_hero_summary!D:D, player_hero_summary!A:A, A7)), player_hero_summary!C:C )} -> Roam | E7: =COUNTIFS([3]!players[name],A7, [3]!players[win], 1) -> 23 | F7: =E7/C7 -> 0.74193548 | G7: =AVERAGEIFS([3]!players[gold_per_min], [3]!players[name],A7) -> 402.90323 | H7: =AVERAGEIFS([3]!players[xp_per_min], [3]!players[name],A7) -> 511.3871
A8: å‘½é‹ reinprince | B8: {=_xlfn.XLOOKUP(1, (player_hero_summary!A:A=A8)*(player_hero_summary!D:D=_xlfn.MAXIFS(player_hero_summary!D:D, player_hero_summary!A:A, A8)),player_hero_summary!B:B )} -> Venomancer | C8: =COUNTIFS([3]!players[name],A8) -> 50 | D8: {=_xlfn.XLOOKUP( 1, (player_hero_summary!A:A=A8)*(player_hero_summary!D:D=_xlfn.MAXIFS(player_hero_summary!D:D, player_hero_summary!A:A, A8)), player_hero_summary!C:C )} -> Soft Support | E8: =COUNTIFS([3]!players[name],A8, [3]!players[win], 1) -> 24 | F8: =E8/C8 -> 0.48 | G8: =AVERAGEIFS([3]!players[gold_per_min], [3]!players[name],A8) -> 354.46 | H8: =AVERAGEIFS([3]!players[xp_per_min], [3]!players[name],A8) -> 421.66
A9: Abed | B9: {=_xlfn.XLOOKUP(1, (player_hero_summary!A:A=A9)*(player_hero_summary!D:D=_xlfn.MAXIFS(player_hero_summary!D:D, player_hero_summary!A:A, A9)),player_hero_summary!B:B )} -> Void Spirit | C9: =COUNTIFS([3]!players[name],A9) -> 19 | D9: {=_xlfn.XLOOKUP( 1, (player_hero_summary!A:A=A9)*(player_hero_summary!D:D=_xlfn.MAXIFS(player_hero_summary!D:D, player_hero_summary!A:A, A9)), player_hero_summary!C:C )} -> Mid | E9: =COUNTIFS([3]!players[name],A9, [3]!players[win], 1) -> 7 | F9: =E9/C9 -> 0.36842105 | G9: =AVERAGEIFS([3]!players[gold_per_min], [3]!players[name],A9) -> 563.10526 | H9: =AVERAGEIFS([3]!players[xp_per_min], [3]!players[name],A9) -> 702.89474
A10: AbyssWalker | B10: {=_xlfn.XLOOKUP(1, (player_hero_summary!A:A=A10)*(player_hero_summary!D:D=_xlfn.MAXIFS(player_hero_summary!D:D, player_hero_summary!A:A, A10)),player_hero_summary!B:B )} -> Ogre Magi | C10: =COUNTIFS([3]!players[name],A10) -> 117 | D10: {=_xlfn.XLOOKUP( 1, (player_hero_summary!A:A=A10)*(player_hero_summary!D:D=_xlfn.MAXIFS(player_hero_summary!D:D, player_hero_summary!A:A, A10)), player_hero_summary!C:C )} -> Hard Support | E10: =COUNTIFS([3]!players[name],A10, [3]!players[win], 1) -> 61 | F10: =E10/C10 -> 0.52136752 | G10: =AVERAGEIFS([3]!players[gold_per_min], [3]!players[name],A10) -> 309.08547 | H10: =AVERAGEIFS([3]!players[xp_per_min], [3]!players[name],A10) -> 461.89744
A11: Ace â™ | B11: {=_xlfn.XLOOKUP(1, (player_hero_summary!A:A=A11)*(player_hero_summary!D:D=_xlfn.MAXIFS(player_hero_summary!D:D, player_hero_summary!A:A, A11)),player_hero_summary!B:B )} -> Pangolier | C11: =COUNTIFS([3]!players[name],A11) -> 38 | D11: {=_xlfn.XLOOKUP( 1, (player_hero_summary!A:A=A11)*(player_hero_summary!D:D=_xlfn.MAXIFS(player_hero_summary!D:D, player_hero_summary!A:A, A11)), player_hero_summary!C:C )} -> Off Lane | E11: =COUNTIFS([3]!players[name],A11, [3]!players[win], 1) -> 23 | F11: =E11/C11 -> 0.60526316 | G11: =AVERAGEIFS([3]!players[gold_per_min], [3]!players[name],A11) -> 579.5 | H11: =AVERAGEIFS([3]!players[xp_per_min], [3]!players[name],A11) -> 799.26316
A12: æ¥¼ | B12: {=_xlfn.XLOOKUP(1, (player_hero_summary!A:A=A12)*(player_hero_summary!D:D=_xlfn.MAXIFS(player_hero_summary!D:D, player_hero_summary!A:A, A12)),player_hero_summary!B:B )} -> Kez | C12: =COUNTIFS([3]!players[name],A12) -> 11 | D12: {=_xlfn.XLOOKUP( 1, (player_hero_summary!A:A=A12)*(player_hero_summary!D:D=_xlfn.MAXIFS(player_hero_summary!D:D, player_hero_summary!A:A, A12)), player_hero_summary!C:C )} -> Carry | E12: =COUNTIFS([3]!players[name],A12, [3]!players[win], 1) -> 5 | F12: =E12/C12 -> 0.45454545 | G12: =AVERAGEIFS([3]!players[gold_per_min], [3]!players[name],A12) -> 740.63636 | H12: =AVERAGEIFS([3]!players[xp_per_min], [3]!players[name],A12) -> 804.90909
A13: aik | B13: {=_xlfn.XLOOKUP(1, (player_hero_summary!A:A=A13)*(player_hero_summary!D:D=_xlfn.MAXIFS(player_hero_summary!D:D, player_hero_summary!A:A, A13)),player_hero_summary!B:B )} -> Phoenix | C13: =COUNTIFS([3]!players[name],A13) -> 35 | D13: {=_xlfn.XLOOKUP( 1, (player_hero_summary!A:A=A13)*(player_hero_summary!D:D=_xlfn.MAXIFS(player_hero_summary!D:D, player_hero_summary!A:A, A13)), player_hero_summary!C:C )} -> Soft Support | E13: =COUNTIFS([3]!players[name],A13, [3]!players[win], 1) -> 15 | F13: =E13/C13 -> 0.42857143 | G13: =AVERAGEIFS([3]!players[gold_per_min], [3]!players[name],A13) -> 379.97143 | H13: =AVERAGEIFS([3]!players[xp_per_min], [3]!players[name],A13) -> 483.05714
A14: Ainkrad | B14: {=_xlfn.XLOOKUP(1, (player_hero_summary!A:A=A14)*(player_hero_summary!D:D=_xlfn.MAXIFS(player_hero_summary!D:D, player_hero_summary!A:A, A14)),player_hero_summary!B:B )} -> Puck | C14: =COUNTIFS([3]!players[name],A14) -> 3 | D14: {=_xlfn.XLOOKUP( 1, (player_hero_summary!A:A=A14)*(player_hero_summary!D:D=_xlfn.MAXIFS(player_hero_summary!D:D, player_hero_summary!A:A, A14)), player_hero_summary!C:C )} -> Mid | E14: =COUNTIFS([3]!players[name],A14, [3]!players[win], 1) -> 1 | F14: =E14/C14 -> 0.33333333 | G14: =AVERAGEIFS([3]!players[gold_per_min], [3]!players[name],A14) -> 511.66667 | H14: =AVERAGEIFS([3]!players[xp_per_min], [3]!players[name],A14) -> 599
A15: Akamu | B15: {=_xlfn.XLOOKUP(1, (player_hero_summary!A:A=A15)*(player_hero_summary!D:D=_xlfn.MAXIFS(player_hero_summary!D:D, player_hero_summary!A:A, A15)),player_hero_summary!B:B )} -> Jakiro | C15: =COUNTIFS([3]!players[name],A15) -> 13 | D15: {=_xlfn.XLOOKUP( 1, (player_hero_summary!A:A=A15)*(player_hero_summary!D:D=_xlfn.MAXIFS(player_hero_summary!D:D, player_hero_summary!A:A, A15)), player_hero_summary!C:C )} -> Hard Support | E15: =COUNTIFS([3]!players[name],A15, [3]!players[win], 1) -> 4 | F15: =E15/C15 -> 0.30769231 | G15: =AVERAGEIFS([3]!players[gold_per_min], [3]!players[name],A15) -> 344.23077 | H15: =AVERAGEIFS([3]!players[xp_per_min], [3]!players[name],A15) -> 433.61538
... A220: zzq | B220: {=_xlfn.XLOOKUP(1, (player_hero_summary!A:A=A220)*(player_hero_summary!D:D=_xlfn.MAXIFS(player_hero_summary!D:D, player_hero_summary!A:A, A220)),player_hero_summary!B:B )} -> Treant Protector | C220: =COUNTIFS([3]!players[name],A220) -> 15 | D220: {=_xlfn.XLOOKUP( 1, (player_hero_summary!A:A=A220)*(player_hero_summary!D:D=_xlfn.MAXIFS(player_hero_summary!D:D, player_hero_summary!A:A, A220)), player_hero_summary!C:C )} -> Hard Support | E220: =COUNTIFS([3]!players[name],A220, [3]!players[win], 1) -> 10 | F220: =E220/C220 -> 0.66666667 | G220: =AVERAGEIFS([3]!players[gold_per_min], [3]!players[name],A220) -> 309.66667 | H220: =AVERAGEIFS([3]!players[xp_per_min], [3]!players[name],A220) -> 448.06667

Sheet player_hero_summary
A1: name | B1: hero_name | C1: lane | D1: times_played | E1: times_won | F1: win_rate | G1: avg_gpm | H1: avg_xpm | L1: =COUNTA(_xlfn.UNIQUE([3]!players[name])) -> 312 | M1: =COUNTA([3]!players[personaname]) -> 24930
A2: {=_xlfn._xlws.SORT( _xlfn.UNIQUE( _xlfn._xlws.FILTER( CHOOSE({1,2}, [3]!players[name], [3]!players[hero_name]), ([3]!players[qualifies] = "Yes")*([3]!players[name]<>"") ) ), 1,1)} -> 423 | B2: Alchemist | C2: {=_xlfn.XLOOKUP(1,([3]!players[name]=A2)*([3]!players[hero_name]=B2),[3]!players[lane_name])} -> Carry | D2: =COUNTIFS([3]!players[name],A2,[3]!players[hero_name],B2) -> 3 | E2: =COUNTIFS([3]!players[name],A2,[3]!players[hero_name],B2, [3]!players[win], 1) -> 2 | F2: =E2/D2 -> 0.66666667 | G2: =AVERAGEIFS([3]!players[gold_per_min], [3]!players[name],A2,[3]!players[hero_name],B2) -> 965 | H2: =AVERAGEIFS([3]!players[xp_per_min], [3]!players[name],A2,[3]!players[hero_name],B2) -> 965
A3: 423 | B3: Kez | C3: {=_xlfn.XLOOKUP(1,([3]!players[name]=A3)*([3]!players[hero_name]=B3),[3]!players[lane_name])} -> Carry | D3: =COUNTIFS([3]!players[name],A3,[3]!players[hero_name],B3) -> 5 | E3: =COUNTIFS([3]!players[name],A3,[3]!players[hero_name],B3, [3]!players[win], 1) -> 3 | F3: =E3/D3 -> 0.6 | G3: =AVERAGEIFS([3]!players[gold_per_min], [3]!players[name],A3,[3]!players[hero_name],B3) -> 661.8 | H3: =AVERAGEIFS([3]!players[xp_per_min], [3]!players[name],A3,[3]!players[hero_name],B3) -> 825.2
A4: 423 | B4: Terrorblade | C4: {=_xlfn.XLOOKUP(1,([3]!players[name]=A4)*([3]!players[hero_name]=B4),[3]!players[lane_name])} -> Carry | D4: =COUNTIFS([3]!players[name],A4,[3]!players[hero_name],B4) -> 6 | E4: =COUNTIFS([3]!players[name],A4,[3]!players[hero_name],B4, [3]!players[win], 1) -> 5 | F4: =E4/D4 -> 0.83333333 | G4: =AVERAGEIFS([3]!players[gold_per_min], [3]!players[name],A4,[3]!players[hero_name],B4) -> 841 | H4: =AVERAGEIFS([3]!players[xp_per_min], [3]!players[name],A4,[3]!players[hero_name],B4) -> 771
A5: 423 | B5: Nature's Prophet | C5: {=_xlfn.XLOOKUP(1,([3]!players[name]=A5)*([3]!players[hero_name]=B5),[3]!players[lane_name])} -> Carry | D5: =COUNTIFS([3]!players[name],A5,[3]!players[hero_name],B5) -> 1 | E5: =COUNTIFS([3]!players[name],A5,[3]!players[hero_name],B5, [3]!players[win], 1) -> 0 | F5: =E5/D5 -> 0 | G5: =AVERAGEIFS([3]!players[gold_per_min], [3]!players[name],A5,[3]!players[hero_name],B5) -> 654 | H5: =AVERAGEIFS([3]!players[xp_per_min], [3]!players[name],A5,[3]!players[hero_name],B5) -> 654
A6: 423 | B6: Monkey King | C6: {=_xlfn.XLOOKUP(1,([3]!players[name]=A6)*([3]!players[hero_name]=B6),[3]!players[lane_name])} -> Carry | D6: =COUNTIFS([3]!players[name],A6,[3]!players[hero_name],B6) -> 3 | E6: =COUNTIFS([3]!players[name],A6,[3]!players[hero_name],B6, [3]!players[win], 1) -> 3 | F6: =E6/D6 -> 1 | G6: =AVERAGEIFS([3]!players[gold_per_min], [3]!players[name],A6,[3]!players[hero_name],B6) -> 725 | H6: =AVERAGEIFS([3]!players[xp_per_min], [3]!players[name],A6,[3]!players[hero_name],B6) -> 924.66667
A7: 423 | B7: Tiny | C7: {=_xlfn.XLOOKUP(1,([3]!players[name]=A7)*([3]!players[hero_name]=B7),[3]!players[lane_name])} -> Carry | D7: =COUNTIFS([3]!players[name],A7,[3]!players[hero_name],B7) -> 4 | E7: =COUNTIFS([3]!players[name],A7,[3]!players[hero_name],B7, [3]!players[win], 1) -> 2 | F7: =E7/D7 -> 0.5 | G7: =AVERAGEIFS([3]!players[gold_per_min], [3]!players[name],A7,[3]!players[hero_name],B7) -> 674.25 | H7: =AVERAGEIFS([3]!players[xp_per_min], [3]!players[name],A7,[3]!players[hero_name],B7) -> 847.75
A8: 423 | B8: Faceless Void | C8: {=_xlfn.XLOOKUP(1,([3]!players[name]=A8)*([3]!players[hero_name]=B8),[3]!players[lane_name])} -> Carry | D8: =COUNTIFS([3]!players[name],A8,[3]!players[hero_name],B8) -> 1 | E8: =COUNTIFS([3]!players[name],A8,[3]!players[hero_name],B8, [3]!players[win], 1) -> 1 | F8: =E8/D8 -> 1 | G8: =AVERAGEIFS([3]!players[gold_per_min], [3]!players[name],A8,[3]!players[hero_name],B8) -> 833 | H8: =AVERAGEIFS([3]!players[xp_per_min], [3]!players[name],A8,[3]!players[hero_name],B8) -> 1013
A9: 423 | B9: Clinkz | C9: {=_xlfn.XLOOKUP(1,([3]!players[name]=A9)*([3]!players[hero_name]=B9),[3]!players[lane_name])} -> Carry | D9: =COUNTIFS([3]!players[name],A9,[3]!players[hero_name],B9) -> 1 | E9: =COUNTIFS([3]!players[name],A9,[3]!players[hero_name],B9, [3]!players[win], 1) -> 1 | F9: =E9/D9 -> 1 | G9: =AVERAGEIFS([3]!players[gold_per_min], [3]!players[name],A9,[3]!players[hero_name],B9) -> 765 | H9: =AVERAGEIFS([3]!players[xp_per_min], [3]!players[name],A9,[3]!players[hero_name],B9) -> 930
A10: 423 | B10: Lone Druid | C10: {=_xlfn.XLOOKUP(1,([3]!players[name]=A10)*([3]!players[hero_name]=B10),[3]!players[lane_name])} -> Carry | D10: =COUNTIFS([3]!players[name],A10,[3]!players[hero_name],B10) -> 2 | E10: =COUNTIFS([3]!players[name],A10,[3]!players[hero_name],B10, [3]!players[win], 1) -> 1 | F10: =E10/D10 -> 0.5 | G10: =AVERAGEIFS([3]!players[gold_per_min], [3]!players[name],A10,[3]!players[hero_name],B10) -> 651 | H10: =AVERAGEIFS([3]!players[xp_per_min], [3]!players[name],A10,[3]!players[hero_name],B10) -> 623.5
A11: 423 | B11: Queen of Pain | C11: {=_xlfn.XLOOKUP(1,([3]!players[name]=A11)*([3]!players[hero_name]=B11),[3]!players[lane_name])} -> Carry | D11: =COUNTIFS([3]!players[name],A11,[3]!players[hero_name],B11) -> 1 | E11: =COUNTIFS([3]!players[name],A11,[3]!players[hero_name],B11, [3]!players[win], 1) -> 1 | F11: =E11/D11 -> 1 | G11: =AVERAGEIFS([3]!players[gold_per_min], [3]!players[name],A11,[3]!players[hero_name],B11) -> 812 | H11: =AVERAGEIFS([3]!players[xp_per_min], [3]!players[name],A11,[3]!players[hero_name],B11) -> 1201
A12: 999 | B12: Spirit Breaker | C12: {=_xlfn.XLOOKUP(1,([3]!players[name]=A12)*([3]!players[hero_name]=B12),[3]!players[lane_name])} -> Soft Support | D12: =COUNTIFS([3]!players[name],A12,[3]!players[hero_name],B12) -> 1 | E12: =COUNTIFS([3]!players[name],A12,[3]!players[hero_name],B12, [3]!players[win], 1) -> 1 | F12: =E12/D12 -> 1 | G12: =AVERAGEIFS([3]!players[gold_per_min], [3]!players[name],A12,[3]!players[hero_name],B12) -> 402 | H12: =AVERAGEIFS([3]!players[xp_per_min], [3]!players[name],A12,[3]!players[hero_name],B12) -> 547
A13: 999 | B13: Skywrath Mage | C13: {=_xlfn.XLOOKUP(1,([3]!players[name]=A13)*([3]!players[hero_name]=B13),[3]!players[lane_name])} -> Roam | D13: =COUNTIFS([3]!players[name],A13,[3]!players[hero_name],B13) -> 1 | E13: =COUNTIFS([3]!players[name],A13,[3]!players[hero_name],B13, [3]!players[win], 1) -> 0 | F13: =E13/D13 -> 0 | G13: =AVERAGEIFS([3]!players[gold_per_min], [3]!players[name],A13,[3]!players[hero_name],B13) -> 267 | H13: =AVERAGEIFS([3]!players[xp_per_min], [3]!players[name],A13,[3]!players[hero_name],B13) -> 448
A14: 999 | B14: Tusk | C14: {=_xlfn.XLOOKUP(1,([3]!players[name]=A14)*([3]!players[hero_name]=B14),[3]!players[lane_name])} -> Hard Support | D14: =COUNTIFS([3]!players[name],A14,[3]!players[hero_name],B14) -> 6 | E14: =COUNTIFS([3]!players[name],A14,[3]!players[hero_name],B14, [3]!players[win], 1) -> 2 | F14: =E14/D14 -> 0.33333333 | G14: =AVERAGEIFS([3]!players[gold_per_min], [3]!players[name],A14,[3]!players[hero_name],B14) -> 278.83333 | H14: =AVERAGEIFS([3]!players[xp_per_min], [3]!players[name],A14,[3]!players[hero_name],B14) -> 416
... A20: 999 | B20: Shadow Demon | C20: {=_xlfn.XLOOKUP(1,([3]!players[name]=A20)*([3]!players[hero_name]=B20),[3]!players[lane_name])} -> Roam | D20: =COUNTIFS([3]!players[name],A20,[3]!players[hero_name],B20) -> 2 | E20: =COUNTIFS([3]!players[name],A20,[3]!players[hero_name],B20, [3]!players[win], 1) -> 1 | F20: =E20/D20 -> 0.5 | G20: =AVERAGEIFS([3]!players[gold_per_min], [3]!players[name],A20,[3]!players[hero_name],B20) -> 294 | H20: =AVERAGEIFS([3]!players[xp_per_min], [3]!players[name],A20,[3]!players[hero_name],B20) -> 447
A21: chipikao | B21: Batrider | C21: {=_xlfn.XLOOKUP(1,([3]!players[name]=A21)*([3]!players[hero_name]=B21),[3]!players[lane_name])} -> Off Lane | D21: =COUNTIFS([3]!players[name],A21,[3]!players[hero_name],B21) -> 1 | E21: =COUNTIFS([3]!players[name],A21,[3]!players[hero_name],B21, [3]!players[win], 1) -> 0 | F21: =E21/D21 -> 0 | G21: =AVERAGEIFS([3]!players[gold_per_min], [3]!players[name],A21,[3]!players[hero_name],B21) -> 495 | H21: =AVERAGEIFS([3]!players[xp_per_min], [3]!players[name],A21,[3]!players[hero_name],B21) -> 675
A22: chipikao | B22: Bristleback | C22: {=_xlfn.XLOOKUP(1,([3]!players[name]=A22)*([3]!players[hero_name]=B22),[3]!players[lane_name])} -> Off Lane | D22: =COUNTIFS([3]!players[name],A22,[3]!players[hero_name],B22) -> 3 | E22: =COUNTIFS([3]!players[name],A22,[3]!players[hero_name],B22, [3]!players[win], 1) -> 0 | F22: =E22/D22 -> 0 | G22: =AVERAGEIFS([3]!players[gold_per_min], [3]!players[name],A22,[3]!players[hero_name],B22) -> 541.33333 | H22: =AVERAGEIFS([3]!players[xp_per_min], [3]!players[name],A22,[3]!players[hero_name],B22) -> 617
A23: chipikao | B23: Pangolier | C23: {=_xlfn.XLOOKUP(1,([3]!players[name]=A23)*([3]!players[hero_name]=B23),[3]!players[lane_name])} -> Off Lane | D23: =COUNTIFS([3]!players[name],A23,[3]!players[hero_name],B23) -> 2 | E23: =COUNTIFS([3]!players[name],A23,[3]!players[hero_name],B23, [3]!players[win], 1) -> 1 | F23: =E23/D23 -> 0.5 | G23: =AVERAGEIFS([3]!players[gold_per_min], [3]!players[name],A23,[3]!players[hero_name],B23) -> 583.5 | H23: =AVERAGEIFS([3]!players[xp_per_min], [3]!players[name],A23,[3]!players[hero_name],B23) -> 769.5
A24: chipikao | B24: Tidehunter | C24: {=_xlfn.XLOOKUP(1,([3]!players[name]=A24)*([3]!players[hero_name]=B24),[3]!players[lane_name])} -> Off Lane | D24: =COUNTIFS([3]!players[name],A24,[3]!players[hero_name],B24) -> 2 | E24: =COUNTIFS([3]!players[name],A24,[3]!players[hero_name],B24, [3]!players[win], 1) -> 1 | F24: =E24/D24 -> 0.5 | G24: =AVERAGEIFS([3]!players[gold_per_min], [3]!players[name],A24,[3]!players[hero_name],B24) -> 560.5 | H24: =AVERAGEIFS([3]!players[xp_per_min], [3]!players[name],A24,[3]!players[hero_name],B24) -> 693
A25: chipikao | B25: Timbersaw | C25: {=_xlfn.XLOOKUP(1,([3]!players[name]=A25)*([3]!players[hero_name]=B25),[3]!players[lane_name])} -> Off Lane | D25: =COUNTIFS([3]!players[name],A25,[3]!players[hero_name],B25) -> 1 | E25: =COUNTIFS([3]!players[name],A25,[3]!players[hero_name],B25, [3]!players[win], 1) -> 0 | F25: =E25/D25 -> 0 | G25: =AVERAGEIFS([3]!players[gold_per_min], [3]!players[name],A25,[3]!players[hero_name],B25) -> 375 | H25: =AVERAGEIFS([3]!players[xp_per_min], [3]!players[name],A25,[3]!players[hero_name],B25) -> 409
A26: chipikao | B26: Magnus | C26: {=_xlfn.XLOOKUP(1,([3]!players[name]=A26)*([3]!players[hero_name]=B26),[3]!players[lane_name])} -> Off Lane | D26: =COUNTIFS([3]!players[name],A26,[3]!players[hero_name],B26) -> 1 | E26: =COUNTIFS([3]!players[name],A26,[3]!players[hero_name],B26, [3]!players[win], 1) -> 0 | F26: =E26/D26 -> 0 | G26: =AVERAGEIFS([3]!players[gold_per_min], [3]!players[name],A26,[3]!players[hero_name],B26) -> 302 | H26: =AVERAGEIFS([3]!players[xp_per_min], [3]!players[name],A26,[3]!players[hero_name],B26) -> 324
A27: chipikao | B27: Beastmaster | C27: {=_xlfn.XLOOKUP(1,([3]!players[name]=A27)*([3]!players[hero_name]=B27),[3]!players[lane_name])} -> Off Lane | D27: =COUNTIFS([3]!players[name],A27,[3]!players[hero_name],B27) -> 1 | E27: =COUNTIFS([3]!players[name],A27,[3]!players[hero_name],B27, [3]!players[win], 1) -> 1 | F27: =E27/D27 -> 1 | G27: =AVERAGEIFS([3]!players[gold_per_min], [3]!players[name],A27,[3]!players[hero_name],B27) -> 678 | H27: =AVERAGEIFS([3]!players[xp_per_min], [3]!players[name],A27,[3]!players[hero_name],B27) -> 626
A28: chipikao | B28: Mars | C28: {=_xlfn.XLOOKUP(1,([3]!players[name]=A28)*([3]!players[hero_name]=B28),[3]!players[lane_name])} -> Off Lane | D28: =COUNTIFS([3]!players[name],A28,[3]!players[hero_name],B28) -> 1 | E28: =COUNTIFS([3]!players[name],A28,[3]!players[hero_name],B28, [3]!players[win], 1) -> 0 | F28: =E28/D28 -> 0 | G28: =AVERAGEIFS([3]!players[gold_per_min], [3]!players[name],A28,[3]!players[hero_name],B28) -> 403 | H28: =AVERAGEIFS([3]!players[xp_per_min], [3]!players[name],A28,[3]!players[hero_name],B28) -> 476
A29: 23savage | B29: Ursa | C29: {=_xlfn.XLOOKUP(1,([3]!players[name]=A29)*([3]!players[hero_name]=B29),[3]!players[lane_name])} -> Carry | D29: =COUNTIFS([3]!players[name],A29,[3]!players[hero_name],B29) -> 5 | E29: =COUNTIFS([3]!players[name],A29,[3]!players[hero_name],B29, [3]!players[win], 1) -> 4 | F29: =E29/D29 -> 0.8 | G29: =AVERAGEIFS([3]!players[gold_per_min], [3]!players[name],A29,[3]!players[hero_name],B29) -> 726 | H29: =AVERAGEIFS([3]!players[xp_per_min], [3]!players[name],A29,[3]!players[hero_name],B29) -> 902.8
A30: 23savage | B30: Lifestealer | C30: {=_xlfn.XLOOKUP(1,([3]!players[name]=A30)*([3]!players[hero_name]=B30),[3]!players[lane_name])} -> Carry | D30: =COUNTIFS([3]!players[name],A30,[3]!players[hero_name],B30) -> 2 | E30: =COUNTIFS([3]!players[name],A30,[3]!players[hero_name],B30, [3]!players[win], 1) -> 1 | F30: =E30/D30 -> 0.5 | G30: =AVERAGEIFS([3]!players[gold_per_min], [3]!players[name],A30,[3]!players[hero_name],B30) -> 654.5 | H30: =AVERAGEIFS([3]!players[xp_per_min], [3]!players[name],A30,[3]!players[hero_name],B30) -> 839
A31: 23savage | B31: Morphling | C31: {=_xlfn.XLOOKUP(1,([3]!players[name]=A31)*([3]!players[hero_name]=B31),[3]!players[lane_name])} -> Carry | D31: =COUNTIFS([3]!players[name],A31,[3]!players[hero_name],B31) -> 1 | E31: =COUNTIFS([3]!players[name],A31,[3]!players[hero_name],B31, [3]!players[win], 1) -> 0 | F31: =E31/D31 -> 0 | G31: =AVERAGEIFS([3]!players[gold_per_min], [3]!players[name],A31,[3]!players[hero_name],B31) -> 648 | H31: =AVERAGEIFS([3]!players[xp_per_min], [3]!players[name],A31,[3]!players[hero_name],B31) -> 690
A32: 23savage | B32: Faceless Void | C32: {=_xlfn.XLOOKUP(1,([3]!players[name]=A32)*([3]!players[hero_name]=B32),[3]!players[lane_name])} -> Carry | D32: =COUNTIFS([3]!players[name],A32,[3]!players[hero_name],B32) -> 3 | E32: =COUNTIFS([3]!players[name],A32,[3]!players[hero_name],B32, [3]!players[win], 1) -> 2 | F32: =E32/D32 -> 0.66666667 | G32: =AVERAGEIFS([3]!players[gold_per_min], [3]!players[name],A32,[3]!players[hero_name],B32) -> 648.66667 | H32: =AVERAGEIFS([3]!players[xp_per_min], [3]!players[name],A32,[3]!players[hero_name],B32) -> 794.66667
... A2319: zzq | B2319: Silencer | C2319: {=_xlfn.XLOOKUP(1,([3]!players[name]=A2319)*([3]!players[hero_name]=B2319),[3]!players[lane_name])} -> Roam | D2319: =COUNTIFS([3]!players[name],A2319,[3]!players[hero_name],B2319) -> 2 | E2319: =COUNTIFS([3]!players[name],A2319,[3]!players[hero_name],B2319, [3]!players[win], 1) -> 2 | F2319: =E2319/D2319 -> 1 | G2319: =AVERAGEIFS([3]!players[gold_per_min], [3]!players[name],A2319,[3]!players[hero_name],B2319) -> 367 | H2319: =AVERAGEIFS([3]!players[xp_per_min], [3]!players[name],A2319,[3]!players[hero_name],B2319) -> 477
